SMILES,QED,LogP,Molecular_Weight,Topological_Polar_Surface_Area,Number_of_Rotatable_Bonds,RadiusOfGyration
CCC(=O)O,0.4908446664452931,0.481,74.079,37.3,1,1.5547729624551587
CC(=O)OCC1=CC=CC=C1,0.6001729288122303,1.7496999999999998,150.177,26.3,2,2.432261764755036
CCCCCCC=O,0.3951230978044112,2.1557000000000004,114.188,17.07,5,2.387903226878111
CCCCCC(=O)O,0.5668732042121558,1.6513,116.15999999999998,37.3,4,2.3314703760416386
CSC,0.402816810785529,0.9792,62.137,0.0,0,1.2533286379930253
CC1=C(C(CCC1)(C)C)/C=C/C(=O)C,0.6101503454772369,3.6582000000000026,192.302,17.07,2,2.7474825371889056
